{"stats":{"minecraft:killed_by":{"minecraft:drowned":1},"minecraft:killed":{"minecraft:zombie_villager":1,"minecraft:spider":1,"minecraft:sheep":3,"minecraft:zombie":1,"minecraft:cow":4},"minecraft:custom":{"minecraft:interact_with_furnace":10,"minecraft:mob_kills":10,"minecraft:interact_with_crafting_table":13,"minecraft:leave_game":2,"minecraft:time_since_death":58608,"minecraft:sleep_in_bed":3,"minecraft:time_since_rest":6178,"minecraft:damage_taken":480,"minecraft:sprint_one_cm":91339,"minecraft:walk_one_cm":218069,"minecraft:damage_dealt":1457,"minecraft:swim_one_cm":9237,"minecraft:fly_one_cm":211354,"minecraft:open_chest":9,"minecraft:crouch_one_cm":106,"minecraft:play_time":74357,"minecraft:deaths":1,"minecraft:sneak_time":70,"minecraft:walk_under_water_one_cm":8137,"minecraft:jump":1414,"minecraft:walk_on_water_one_cm":11935,"minecraft:total_world_time":74357,"minecraft:fall_one_cm":28756},"minecraft:picked_up":{"minecraft:crafting_table":2,"minecraft:leather":6,"minecraft:oak_log":19,"minecraft:string":1,"minecraft:orange_terracotta":3,"minecraft:wheat_seeds":1,"minecraft:beef":9,"minecraft:bamboo":29,"minecraft:melon_slice":12,"minecraft:oak_planks":5,"minecraft:stick":5,"minecraft:pumpkin":1,"minecraft:torch":4,"minecraft:diorite":1,"minecraft:white_bed":1,"minecraft:red_terracotta":3,"minecraft:dark_oak_planks":7,"minecraft:light_gray_terracotta":9,"minecraft:cactus":6,"minecraft:white_terracotta":4,"minecraft:terracotta":9,"minecraft:oak_sapling":1,"minecraft:mutton":3,"minecraft:coal":8,"minecraft:white_wool":3,"minecraft:cobblestone":39},"minecraft:crafted":{"minecraft:cooked_beef":9,"minecraft:golden_axe":1,"minecraft:oak_planks":56,"minecraft:oak_slab":6,"minecraft:crafting_table":5,"minecraft:furnace":1,"minecraft:golden_pickaxe":2,"minecraft:stone_axe":1,"minecraft:cooked_mutton":3,"minecraft:air":0,"minecraft:stick":8,"minecraft:iron_ingot":1,"minecraft:stone_pickaxe":1,"minecraft:stone_sword":1,"minecraft:chest":4,"minecraft:white_bed":1},"minecraft:broken":{"minecraft:golden_pickaxe":1},"minecraft:used":{"minecraft:stone_sword":38,"minecraft:stone_pickaxe":44,"minecraft:oak_planks":5,"minecraft:chest":4,"minecraft:white_terracotta":4,"minecraft:torch":6,"minecraft:glow_berries":7,"minecraft:terracotta":9,"minecraft:crafting_table":6,"minecraft:light_gray_terracotta":9,"minecraft:white_bed":2,"minecraft:melon_slice":12,"minecraft:red_terracotta":3,"minecraft:golden_leggings":1,"minecraft:furnace":1,"minecraft:cooked_beef":3,"minecraft:golden_pickaxe":32,"minecraft:golden_axe":9},"minecraft:mined":{"minecraft:dark_oak_planks":8,"minecraft:white_bed":1,"minecraft:orange_terracotta":3,"minecraft:crafting_table":2,"minecraft:torch":4,"minecraft:light_gray_terracotta":9,"minecraft:red_sand":1,"minecraft:melon":3,"minecraft:dead_bush":4,"minecraft:tall_grass":2,"minecraft:oak_planks":5,"minecraft:diorite":1,"minecraft:white_terracotta":4,"minecraft:cactus":4,"minecraft:red_terracotta":3,"minecraft:pumpkin":1,"minecraft:grass":19,"minecraft:oak_log":19,"minecraft:coal_ore":8,"minecraft:terracotta":9,"minecraft:bamboo":4,"minecraft:stone":39,"minecraft:oak_leaves":8,"minecraft:fern":4}},"DataVersion":3465}